group,value,n,MAPE,MedAPE,MAE,RMSE,R2,fold
equipment,Dry Van,5275,1.6118831398913402,1.3556883738237562,35.478046220133834,50.608005435523324,0.9984825563210958,wf3
equipment,Flatbed,1746,2.2820962843549104,1.7374086454693385,55.36143166475492,85.33823039134845,0.9964378751902677,wf3
equipment,Reefer,2358,1.7746287991190979,1.45109323666942,45.33509217448517,66.03567352255243,0.9979724137216366,wf3
bucket,"[0.0, 250.0)",544,1.9830717908272164,1.5732165672621523,9.753940950627337,13.165053737315175,0.9899863778671835,wf3
bucket,"[1000.0, 1500.0)",1735,1.7569364078967742,1.4552149912268746,45.14608576899545,58.135660955436606,0.9660368466688315,wf3
bucket,"[1500.0, 2000.0)",1149,1.730661269945624,1.4084043246243854,62.26389529379964,81.30091807047823,0.9478797559381411,wf3
bucket,"[2000.0, inf)",1513,1.6832461936693817,1.328789951139945,80.05295425570186,107.47702268623294,0.9734687039964557,wf3
bucket,"[250.0, 500.0)",1510,1.8043027764815422,1.4646704748397423,17.198004423103,22.71714903001905,0.9795767965663132,wf3
bucket,"[500.0, 1000.0)",2928,1.8049672742984948,1.5110498764992708,30.205934425757334,40.06018532521828,0.983067940951911,wf3
lane_seen,False,578,1.979144578096351,1.5748751984072142,48.74738734713968,75.18203807597028,0.9973199964716065,wf3
lane_seen,True,8801,1.7643282374268419,1.441526434972115,41.19212713994516,61.4570636702167,0.9979870791391857,wf3
lane_seen,False,2477,1.958243387048924,1.6060119836173663,46.41428502420544,67.03843425414632,0.9977356789049148,city
