fold,n,MAPE,MedAPE,MAE,RMSE,R2,MAPE_all,MedAPE_all,MAE_all,RMSE_all,R2_all,experiment
wf1,9538,3.971641151515156,3.3619554359576256,87.11007798145782,120.19993987771159,0.9919963001294465,6.198740203599023,3.404471398870635,138.63533970256785,630.8814858160569,0.820871233670747,baseline_a_eq_dist
wf2,9297,3.8276995983504336,3.222233778486606,82.79474292986517,114.83795096677102,0.9928189003938725,6.0459103987889495,3.271767740731356,132.95931954414132,621.359162105651,0.8282740830135531,baseline_a_eq_dist
wf3,9379,3.8161997693294447,3.244510249914629,82.7741899864816,112.90654593356345,0.9932596902275089,6.320722528725926,3.30259946687839,138.35497525963987,638.8418902699132,0.8247540881247779,baseline_a_eq_dist
city,2477,3.8191932531024606,3.349055860870199,85.9581972250509,117.11623624430734,0.9930892608284628,6.351919763042218,3.4062764618657497,144.19864488571548,668.5250881927019,0.8195458922300463,baseline_a_eq_dist
wf1,9538,3.5651242947074793,3.046062567290717,81.06871634591552,113.95210213317839,0.9928067198226989,5.811764558323439,3.092345152803867,132.75305281776346,630.7384808015253,0.8209524324667807,baseline_b_lane
wf2,9297,3.35051434509714,2.81346808841888,75.7005560844437,106.96682455333323,0.9937695661725031,5.591404854441595,2.863894195073585,126.11022280088872,621.9128064805099,0.8279679237075291,baseline_b_lane
wf3,9379,3.2877950036737706,2.837159252520788,75.0262828976639,105.22402170750686,0.9941457480850329,5.795317235048969,2.8852759832815558,130.74579613189562,638.2617156806514,0.8250722484032396,baseline_b_lane
city,2477,3.6785245584170374,3.2103768065821567,84.04886965109674,114.71937988220425,0.9933692314441492,6.212007575754514,3.2752123263591364,142.32626631119464,668.6155419006274,0.8194970568229457,baseline_b_lane
wf1,9538,3.440965033383821,2.9785522123228736,76.90375900377656,105.71197789530956,0.9938094292530404,5.66559262057877,3.02124587702041,128.71801155042272,630.8760046709402,0.8208743462252276,baseline_c_lane_x_mi
wf2,9297,4.6709235454315,4.15732395263499,107.16972553289808,151.11210455907928,0.9875657787957411,6.800095333688453,4.217695342947127,157.18325129219718,636.3274413028739,0.8199008198414892,baseline_c_lane_x_mi
wf3,9379,4.893440464659811,4.58129074501785,113.35708329003074,156.37951729764285,0.9870699158962355,7.285975976351825,4.646662841380314,168.53188378008787,653.8523218024761,0.8164220719252087,baseline_c_lane_x_mi
city,2477,4.937316480313688,4.455342756542025,116.0386585372903,159.6213854272332,0.9871627369734095,7.364905566641848,4.5328385717700925,173.9473571893648,684.2194562601983,0.8109737182408934,baseline_c_lane_x_mi
wf1,9538,3.4130472061929726,2.890791426998496,76.95720485190908,107.80092621308988,0.9935623512305034,5.660225211570031,2.926958241052406,128.72447394769893,629.5946764075785,0.8216012265674801,baseline_c2_lane_x_mi_detrended
wf2,9297,3.281339806364732,2.733597670027724,73.71526580128484,104.29043183179334,0.9940774462281627,5.516610428752234,2.7885353338476953,124.15080476088409,621.3384117734855,0.8282855524197732,baseline_c2_lane_x_mi_detrended
wf3,9379,3.2532445880967256,2.8281203469491207,73.96778426546179,103.75984314217786,0.9943075368704161,5.760696990313485,2.870197896590089,129.67810533596835,637.7270642380382,0.8253651884334456,baseline_c2_lane_x_mi_detrended
city,2477,3.6546650508516674,3.169428917630203,83.19540337438755,113.24299265139794,0.9935388032856292,6.192872366612882,3.2301792223784656,141.57153827281863,669.2075429431417,0.8191772759307869,baseline_c2_lane_x_mi_detrended
wf1,9538,2.243710816872519,1.988062522810914,52.45136874888494,73.15995265187064,0.9970349697717349,4.476936292385495,2.014978032267488,104.48447501305118,625.0730068300215,0.8241544998727329,ridge_log_ppm
wf2,9297,4.3128833222500065,3.988346711963184,100.6761142055809,137.13130769840484,0.9897601565750316,6.438278029351624,4.027836303942401,150.63795378326233,632.0971400315261,0.8222874568939105,ridge_log_ppm
wf3,9379,4.7981431749983585,4.6834091767002555,112.67902303355407,143.32413603582356,0.9891387382943431,7.1746845228775324,4.730686610499853,167.76745161763128,650.7344908151947,0.8181686446618424,ridge_log_ppm
city,2477,4.754309950029333,4.560804584055784,112.09560042647298,141.70540580473175,0.9898827350349994,7.1284268516537965,4.616500910491397,169.91099244307296,679.9542082637857,0.8133230551487669,ridge_log_ppm
wf1,9538,2.2466526514405034,1.9855803325860482,52.53563579834861,73.22716062172115,0.9970295196535824,4.479731544980587,2.0128903855747637,104.57543014942631,625.1860091344507,0.824090914522922,ridge_log_ratio
wf2,9297,4.312617724414843,4.006008800021826,100.71495179425924,137.13085273781888,0.9897602245203829,6.437679690920664,4.044098168567014,150.683385665578,632.2126886725993,0.8222224785276883,ridge_log_ratio
wf3,9379,4.792688217200073,4.682897482840147,112.58324658878234,143.17936083454705,0.9891606696621136,7.168747541722231,4.718179766707367,167.6732725623921,650.7567898859043,0.8181561826215511,ridge_log_ratio
city,2477,4.736102956596822,4.565420933984814,111.6994549000543,141.5477008229219,0.9899052416603809,7.111994063085296,4.603286068690066,169.51697070731797,679.8573711738288,0.8133762233316447,ridge_log_ratio
wf1,9538,2.653186317783782,2.326962643007011,61.497889243259856,86.59030851274444,0.9958464363712426,4.877711831892495,2.359112060387675,113.42217096808935,627.0510702941207,0.8230398015238471,rf_log_ratio
wf2,9297,4.385304305195197,4.1338824371775305,104.8279639508935,144.44255959561943,0.9886391602889048,6.506405718344263,4.170407723356003,154.78279605031753,634.804149827723,0.8207620593709533,rf_log_ratio
wf3,9379,4.869401849729652,4.7597088411345325,117.36914128947309,154.5818820881851,0.9873654786206635,7.240134856641324,4.8113792148532895,172.38190470642652,654.0794589297726,0.8162945060994,rf_log_ratio
city,2477,4.815336427778598,4.614821672966132,117.92678143579612,156.58311100650246,0.9876467815142943,7.194569531244643,4.688496363878365,175.54985148454054,682.8083461428434,0.8117525965431804,rf_log_ratio
wf1,9538,2.5427221485189504,2.3659765578841316,59.43376367939486,81.519328499131,0.9963186807565365,4.764598190012502,2.3960557824660946,111.39489742752737,626.6372967981742,0.8232732666594396,hgb_log_ppm
wf2,9297,4.452666558158116,4.166505483433526,106.27192553368465,143.6403041076208,0.9887650094147197,6.568893032590256,4.20806098739113,156.1654215125228,634.0052233891745,0.821212931720904,hgb_log_ppm
wf3,9379,5.148769738296904,5.011506591862214,123.26337998915326,157.14389794714984,0.9869432028654157,7.512524828723441,5.051906493655696,178.16429123470255,654.1927791710269,0.8162308460839687,hgb_log_ppm
city,2477,4.8348271117132375,4.670709349583442,118.47812281743623,156.57170473717818,0.9876485811848219,7.220569587317225,4.735846051590709,176.1754611475954,683.4027605701714,0.8114246987406708,hgb_log_ppm
wf1,9538,2.56465892431632,2.375830124233746,59.8856558879757,82.52597045255105,0.9962272018195077,4.786609113212876,2.411634949207996,111.82222542971583,626.5577710414982,0.8233181201511071,hgb_log_ratio
wf2,9297,4.507996158358906,4.250126030833223,107.053577543485,143.94510714708065,0.9887172777890983,6.6267819535655335,4.2864435014711075,156.96058750295916,634.2623014317883,0.8210679122595417,hgb_log_ratio
wf3,9379,5.1612496508231045,4.9877837978948385,122.9906269126822,157.1196848008816,0.9869472262069088,7.52399684372486,5.030575723185014,177.89794726116708,654.1459539903506,0.816257152445481,hgb_log_ratio
city,2477,4.931165776638932,4.835071164518971,120.43097595111159,159.29511231895376,0.987215163194455,7.317973824220375,4.885772725412208,178.10598435069264,683.7552053190659,0.8112301443240454,hgb_log_ratio
wf1,9538,2.465850126706866,2.295876247480433,58.06087048605168,80.37823292725012,0.9964210205700312,4.688694031572821,2.3282734761340893,109.97895782090832,625.7348528732991,0.8237819217516683,catboost_log_ppm
wf2,9297,4.444156794212573,4.179844402444459,105.84312754870433,143.59841052229393,0.9887715619683661,6.562145767915041,4.225312897259963,155.70494756036328,633.5325419412262,0.821479421094502,catboost_log_ppm
wf3,9379,5.315114103823825,5.155339066304456,127.12887956668403,161.67850701899502,0.9861787859315527,7.667222795181501,5.194461616119946,181.96302834762471,655.7385975258794,0.8153613490034728,catboost_log_ppm
city,2477,5.416562040501695,5.307812700835921,132.18443380966113,168.0039763705949,0.9857790238012484,7.763211355742625,5.357430406107869,189.55386121851396,686.0868584489124,0.8099405123463449,catboost_log_ppm
wf1,9538,2.4769353237357574,2.3080605821878257,58.113716718639125,80.39878291035781,0.99641919028922,4.697718018137823,2.3479509627371073,110.01578420421326,625.7082174932151,0.8237969234271362,catboost_log_ratio
wf2,9297,4.493934505620369,4.232485884394736,106.91603059891331,144.53237420467255,0.9886250275206451,6.609199709226743,4.282943656477324,156.75931101017017,633.8902233009413,0.8212777850160059,catboost_log_ratio
wf3,9379,5.28578468484943,5.131056228790619,126.21475191196048,160.61781734491618,0.9863595388452951,7.638602541900565,5.166898185184491,181.05554067547328,655.4394757915948,0.8155297601263823,catboost_log_ratio
city,2477,5.305653840653191,5.139952777304909,129.41008622876146,165.08620438580687,0.986268693768147,7.659885972545282,5.175603973956278,186.8753625580846,685.6463699700988,0.8101844818627476,catboost_log_ratio
wf1,9538,2.1436185320491763,1.8394431938987412,51.899505104152745,76.02700268659632,0.9967980242980865,4.404446704438273,1.8686719371573686,103.88942316935467,623.2139871692043,0.8251989030833596,ridge_mi_none_dow
wf2,9297,1.8097913184273302,1.5001068647521005,42.58537759298353,63.425698327722124,0.9978094629850525,4.068888763827845,1.5229378843241828,93.2914957877736,613.4892224099832,0.8325965877073835,ridge_mi_none_dow
wf3,9379,1.8512069037869026,1.5483851013346206,43.27520770084523,63.945974829316576,0.9978379385262939,4.371214114579589,1.5791388562689441,99.32251344511447,631.4586459193271,0.8287813961417932,ridge_mi_none_dow
city,2477,2.034889268137197,1.6921732449337745,48.47115898250328,69.67451016756594,0.9975541031587138,4.550202870143649,1.7212130636779466,107.24606331785473,662.4618842329858,0.8228043142725285,ridge_mi_none_dow
wf1,9538,2.2750798833728627,1.9624991788386004,55.07693254206488,80.53818140388323,0.9964067624341673,4.5339234818957035,1.9929101853381197,107.01738577875909,624.0874909140194,0.8247085533110479,ridge_mi_none
wf2,9297,1.9249269174528367,1.610061797377394,45.48581335702983,67.60361438340281,0.9975113724039067,4.184073909160298,1.636176130039791,96.16428331921817,614.4058688829359,0.8320959615170844,ridge_mi_none
wf3,9379,1.9371103955469915,1.6185139709695737,45.649996286521656,67.60456896403794,0.9975834615506278,4.4564378189310325,1.6453015828044544,101.69467619759126,632.2595120137495,0.8283468146194373,ridge_mi_none
city,2477,2.135037589682299,1.817985278931172,50.934112112049974,72.49010549817532,0.9973524281708824,4.644368381137953,1.8497572478770097,109.60697337015114,662.2081947788141,0.822940002288883,ridge_mi_none
wf1,9538,2.2618539572333303,2.0020021661665317,52.73627057608915,73.30699178698858,0.9970230393758546,4.494273853938163,2.0365074541417516,104.77682378501682,625.2265939559632,0.824068075014491,ridge_mi_level_dow
wf2,9297,4.313934965325554,3.9601883705072503,100.71702199751361,137.5445557061558,0.9896983476276049,6.439501601919551,4.018471326605507,150.68266241298338,632.2186808143555,0.822219108544209,ridge_mi_level_dow
wf3,9379,4.7483851131664725,4.625236135876818,111.51350681949157,142.45881986050676,0.9892694916246431,7.1277161784479866,4.670169324103403,166.62407110903592,650.502769428529,0.8182981190098702,ridge_mi_level_dow
city,2477,4.7031123043124134,4.497082824400485,110.82025098084802,140.71000932651063,0.9900243714044072,7.079887726020877,4.548056595127811,168.65790453938786,679.655110088049,0.8134872498921502,ridge_mi_level_dow
wf1,9538,2.1807735968959094,1.9312402653187482,50.730352960001234,70.59166890208338,0.9972394908388624,4.4170385502291225,1.9652176126709195,102.79367743324752,624.3349268683576,0.824569527917025,ridge_mi_level
wf2,9297,3.9477919916750377,3.5532799819868295,91.903877257158,127.57972939977466,0.9911369452046807,6.087133471348877,3.5986841717389986,141.97693636750554,629.1045521892186,0.8239661908811138,ridge_mi_level
wf3,9379,4.399305315963173,4.264719968133747,103.0755389221766,133.65021560718006,0.9905554571643684,6.79198053177021,4.304338558030387,158.28486993699025,647.8360534939278,0.8197848278473707,ridge_mi_level
city,2477,4.37066244040978,4.211526237115973,102.6116225500622,132.22139076559904,0.991191666900222,6.763681756761082,4.251858128327948,160.6133849944696,677.7442819149527,0.8145345246568615,ridge_mi_level
wf1,9538,2.2603707984148067,1.8991485649712696,53.66403634190439,77.76788661594468,0.9966497062457311,4.512757369880027,1.9264511406306126,105.72762940532846,624.7404298576647,0.8243415711599476,ridge_mi_detrended_dow
wf2,9297,1.935854618590837,1.5695979381185017,45.568958823608234,69.17527743179724,0.9973943150765113,4.185604895051771,1.5904138821399505,96.26460973653602,614.8986649168189,0.8318265121806986,ridge_mi_detrended_dow
wf3,9379,1.9773264813420406,1.6010431083064842,46.426993654130555,70.04183551500098,0.9974060795646258,4.500297369696515,1.6314340657433677,102.46689319969428,632.4279390417983,0.828255349371034,ridge_mi_detrended_dow
city,2477,2.1625900135443716,1.7925477487345207,51.30520784396572,74.51494051413445,0.9972024554838369,4.678932497871331,1.8166554578433889,110.05530032022945,662.9560967309669,0.8225398311676457,ridge_mi_detrended_dow
wf1,9538,2.0449001880693882,1.7449433196387685,49.40965711259515,72.4199558124863,0.9970946476811138,4.305904932124338,1.7768319796589476,101.45232326158761,622.9398632718276,0.8253526435982834,ridge_mi_detrended
wf2,9297,1.839111317573501,1.510351661170592,43.23079915462727,64.72482744695884,0.9977188077703762,4.094978695253989,1.5368963608442658,93.93497380158864,613.772860085798,0.8324417589366991,ridge_mi_detrended
wf3,9379,1.8571685089455996,1.5310982571012253,43.39709755856894,64.65143384314611,0.9977899711882879,4.378423009509494,1.5644992721268451,99.44837387948836,631.5576143712613,0.8287277217857967,ridge_mi_detrended
city,2477,2.0463549780269723,1.7005614546832577,48.62867896331011,70.17296645067673,0.9975189817443451,4.563182356693595,1.7250008383504416,107.4223147702781,662.6487874258398,0.8227043142208004,ridge_mi_detrended
wf1,9538,2.2832488669804016,1.9193724708092947,54.7362628205611,79.76561278106793,0.9964753686019677,4.536773267690139,1.9509431920571756,106.67676725561181,624.0095464394876,0.824752336103336,hgb_mi_none_dow
wf2,9297,1.9305348088738516,1.5895932428911483,45.694810798724895,68.29815176024734,0.9974599750448605,4.186481769670398,1.6224820819321792,96.3814961220725,614.3725037282353,0.8321141969942862,hgb_mi_none_dow
wf3,9379,1.92270847153101,1.597947823930366,45.05424958872828,66.61794940833086,0.9976534806814987,4.433438097526223,1.622181381662394,101.00923408935637,630.875780881946,0.8290973353718373,hgb_mi_none_dow
city,2477,2.439102115354721,2.1068956517388804,57.33264371027646,80.02623805261608,0.9967733259886997,4.971194661912085,2.147138648273299,116.02753541702806,663.7204139275094,0.822130410253652,hgb_mi_none_dow
wf1,9538,2.4779663924893045,2.2749386702991403,57.90638695987781,80.55743137429415,0.9964050445413126,4.705654129383533,2.304338487553539,109.89803137734313,626.5810408523841,0.8233049962845871,hgb_mi_level_dow
wf2,9297,4.4761295775120935,4.19262113928738,106.484296437645,143.86063118488434,0.988730516712728,6.594847903796816,4.253945492802271,156.3883207499977,634.049471007465,0.821187975529018,hgb_mi_level_dow
wf3,9379,4.976416426924677,4.843781759489119,118.64523253311246,152.21334914607522,0.987749689490429,7.351741655576537,4.887568914689859,173.63017042123192,652.3800148227546,0.8172478815213816,hgb_mi_level_dow
city,2477,4.843903390670938,4.658142884896773,117.96796592572866,155.3261739144245,0.9878443110910909,7.240952000133098,4.699573107474684,175.72314347592788,683.0833047606305,0.8116009561370261,hgb_mi_level_dow
wf1,9538,2.793652738345986,2.278962077824688,66.0543549321815,97.39574849960103,0.9947451261709561,5.043503455552475,2.3191407346029917,117.81539480024139,625.3475090095956,0.8240000200873067,hgb_mi_detrended_dow
wf2,9297,3.0082393362597255,2.7255880109886763,70.85756041010586,100.04500601286915,0.9945498191893991,5.233839190957386,2.7618834109556856,121.22719172966764,619.4952288551872,0.8293028134960492,hgb_mi_detrended_dow
wf3,9379,2.7911862499821707,2.400992625110898,65.80790263225492,94.52888246681898,0.9952753389159816,5.271479385708799,2.4390209319642557,121.52982978362661,636.7841260847797,0.8258812339212228,hgb_mi_detrended_dow
city,2477,3.099931819796046,2.6409282489932777,74.30464651888467,105.1081905227506,0.9944337410423084,5.605057654197167,2.6815721925394658,132.69500085833337,667.7112627416334,0.8199849745016169,hgb_mi_detrended_dow
wf1,9538,2.0449001880693882,1.7449433196387685,49.40965711259515,72.4199558124863,0.9970946476811138,4.305904932124338,1.7768319796589476,101.45232326158761,622.9398632718276,0.8253526435982834,ridge_det
wf2,9297,1.839111317573501,1.510351661170592,43.23079915462727,64.72482744695884,0.9977188077703762,4.094978695253989,1.5368963608442658,93.93497380158864,613.772860085798,0.8324417589366991,ridge_det
wf3,9379,1.8571685089455996,1.5310982571012253,43.39709755856894,64.65143384314611,0.9977899711882879,4.378423009509494,1.5644992721268451,99.44837387948836,631.5576143712613,0.8287277217857967,ridge_det
city,2477,2.0463549780269723,1.7005614546832577,48.62867896331011,70.17296645067673,0.9975189817443451,4.563182356693595,1.7250008383504416,107.4223147702781,662.6487874258398,0.8227043142208004,ridge_det
wf1,9538,1.9901338532151531,1.7041922430447956,48.210419629354405,70.40345435279022,0.9972541915917523,4.250544795050555,1.7400862196656657,100.25318728612041,622.4485319079124,0.8256280341729768,ridge_spline
wf2,9297,1.7613503051923804,1.4272297762161643,41.590800320261344,62.608371191931596,0.9978655553767954,4.013838737764847,1.4503158937428617,92.27523678595705,613.1479453591485,0.8327827851175903,ridge_spline
wf3,9379,1.7775667324590392,1.4470517259991675,41.65773545637106,62.39025615290612,0.9979418588749327,4.298801347068534,1.4719750284598045,97.71100517814638,631.1161822575319,0.8289670622978715,ridge_spline
city,2477,1.958243387048924,1.6060119836173663,46.41428502420544,67.03843425414632,0.9977356789049148,4.476555211017672,1.6318226602612556,105.20826741132191,662.1213147907175,0.8229864588610365,ridge_spline
wf1,9538,1.9863853308597084,1.7031812888230045,48.10932957180478,70.25166763527929,0.9972660185105426,4.247026959008166,1.7343274339639754,100.15548063852184,622.4439183495584,0.8256306190365184,ridge_spline_log_ratio
wf2,9297,1.7570167987388485,1.4285568720541493,41.48582340055778,62.463985695889,0.9978753888057426,4.00982505286755,1.4520740561927066,92.1770633159869,613.1953868305121,0.8327569077166301,ridge_spline_log_ratio
wf3,9379,1.7674381200018079,1.4385465708251162,41.45355663233344,62.17402621505405,0.9979561002186094,4.288204025344877,1.4666435024031073,97.51025762226473,631.148989532827,0.8289492802454671,ridge_spline_log_ratio
city,2477,1.9683448396243493,1.6021306681099134,46.64065266469487,67.26362806676887,0.9977204408538975,4.486391133325118,1.6392672172841312,105.43027331774665,662.188697942762,0.8229504281910545,ridge_spline_log_ratio
wf1,9538,2.240401796074544,1.9012404910963379,53.52852244877527,78.1368670655865,0.9966178389649412,4.499185412770896,1.9336840138034574,105.52501997198405,623.7573906138307,0.8248939390365967,rf_mi_offset
wf2,9297,2.0448594714437434,1.7018856142146415,48.21738646838967,72.01495596297245,0.99717599487919,4.293029105165394,1.729453228198756,98.83587166372718,614.8784303668338,0.8318375802120654,rf_mi_offset
wf3,9379,2.0334512739552775,1.66279986566111,47.82496008565613,71.77141651683256,0.9972763917010898,4.5443448164097395,1.690606268775928,103.75188891543411,632.2837114874693,0.8283336744573224,rf_mi_offset
city,2477,2.2012437632138333,1.845746986736165,52.78051895855701,76.44492426994438,0.9970556624522549,4.7168143253980475,1.8702658530839202,111.5368185860162,664.4679913061036,0.8217294999771794,rf_mi_offset
wf1,9538,2.1551967752479473,1.8145712998121726,51.72734689987968,75.4379619874775,0.9968474485135976,4.408399842407928,1.8429498540750437,103.70974075225807,623.6406374743456,0.8249594846135339,hgb_mi_offset
wf2,9297,1.9049991459160205,1.5675048247719057,45.095002598301065,67.89611687088636,0.9974897905832846,4.157776970405312,1.5937359446547192,95.7901490112568,614.4955262651143,0.8320469550356099,hgb_mi_offset
wf3,9379,1.887619740968099,1.537011794312255,44.24172055830264,66.07983986681893,0.997691235813564,4.402118879660158,1.564211508347548,100.22098408155678,630.9172744734565,0.8290748536130708,hgb_mi_offset
city,2477,2.4193247747816877,2.084727365213339,56.41527242309647,79.02109137122558,0.9968538723845577,4.956467631723235,2.1203989630560716,115.10938401405502,663.4899541959106,0.8222539100297191,hgb_mi_offset
wf1,9538,2.048374467541838,1.7295790192708111,49.34747468098801,72.02068194955022,0.9971265955999732,4.304234070562669,1.7602156286644588,101.36547924772893,623.1124267388021,0.8252558704444195,catboost_mi_offset
wf2,9297,1.8186852578366108,1.4907309199213565,42.78569024058783,64.12557769231073,0.9977608527101092,4.069905799537037,1.5208978220959841,93.47017411094762,613.72621498913,0.8324672259257804,catboost_mi_offset
wf3,9379,1.7968309144815091,1.471901626631373,42.19353379589939,63.16443451027876,0.9978904645007832,4.312954714252116,1.5007414639924272,98.21376241288458,631.0615102189956,0.8289966933376358,catboost_mi_offset
city,2477,1.9741575614361653,1.6380068376094725,48.306661000101876,71.11669280793403,0.9974518007000903,4.500252235809031,1.6715861716023663,107.11602128947004,663.364040436942,0.8223213671314968,catboost_mi_offset
wf1,9538,1.964802502140877,1.66889901796604,47.627037996083914,69.66758396614712,0.9973112910474029,4.224036740161051,1.7020102311814767,99.68265144887785,622.7685614715576,0.8254486827020373,ridge_spline_hgb_resid
wf2,9297,1.7309790756174483,1.4065924442442905,40.978239625073854,61.77890849237529,0.9979217368226591,3.9847003550027944,1.42919270812662,91.66330527574763,612.903401307454,0.8329161422331164,ridge_spline_hgb_resid
wf3,9379,1.7367005604629977,1.4271041454184306,40.75731385403222,61.09859787764217,0.9980261956527693,4.256520217986484,1.4548178374704916,96.79055829164724,630.6371382861486,0.8292266062771603,ridge_spline_hgb_resid
city,2477,1.9864751029238195,1.6183061104069123,47.05357301598859,67.87912904198224,0.9976785314186887,4.509318608959139,1.6415289809797144,105.85549902203901,662.1233020091884,0.8229853963212919,ridge_spline_hgb_resid
wf1,9538,2.1299291046749094,1.8850937029931354,49.51618810357663,69.02589092289877,0.9973605931741872,4.365715207356572,1.9177323327913658,101.5810621398934,623.9142646280293,0.8248058501565708,abl_mi_level
wf2,9297,3.929310039572526,3.5659928096479914,91.47581174750397,126.80194243211406,0.9912446826219434,6.064768390730046,3.6099468034810984,141.51593661385155,628.5939867088925,0.8242518041869488,abl_mi_level
wf3,9379,4.394630564387412,4.247214553928156,102.81982500664856,132.5763806754633,0.9907066149706242,6.786238186537381,4.284516660937545,158.01062484659957,647.4171659988375,0.8200178049283667,abl_mi_level
city,2477,4.380801952516535,4.158489592932117,102.79741239373601,131.81281064442553,0.991246020424273,6.773702742110292,4.2197358280663355,160.76285939225357,677.4336495727038,0.8147044954671384,abl_mi_level
wf1,9538,2.191001253295603,1.955807707080582,51.19605283071087,71.66989685144236,0.9971545179343524,4.423951022577174,1.9892462109626696,103.22359134667127,624.5570610576929,0.824444671733278,abl_mi_both
wf2,9297,4.286370444891179,4.0140536364159525,99.98985804487168,135.78791561813821,0.9899598009099977,6.408385189300908,4.060909427338784,149.92308734416105,631.4470866168846,0.8226527907515823,abl_mi_both
wf3,9379,4.80837896708213,4.7056953613348735,112.70882999598415,142.40254245073237,0.9892779679820507,7.182880209900653,4.746249286332462,167.77287875439393,650.3537908295943,0.8183813364630952,abl_mi_both
city,2477,4.785845809056681,4.637921876253107,112.80231659999444,141.5827085932594,0.989900247744117,7.1588667204573815,4.6937710725192945,170.5719523714095,679.6973490628664,0.8134640665097523,abl_mi_both
wf1,9538,2.2233570178433237,1.9251409406895565,53.942928371169224,78.61501370887198,0.9965763190776903,4.481613489778044,1.9555441436771706,105.88382200323504,623.5963186795644,0.8249843621105046,abl_mi_none
wf2,9297,1.8555457799985502,1.5577785526515882,44.10871892333413,65.61225895250593,0.9976558248299415,4.111215634580636,1.5808100757457744,94.764937201848,613.7989626565045,0.8324275067788676,abl_mi_none
wf3,9379,1.8655182265995778,1.5645684299808287,44.1907324957036,65.6154105199556,0.9977235751705331,4.384712767265884,1.598733951712578,100.23345941490382,631.8379014520422,0.8285756657951622,abl_mi_none
city,2477,2.0548498768438903,1.7115954669360611,48.827383766988646,69.43324540015453,0.9975710128444604,4.56587341958178,1.7340320641935403,107.5019155427402,661.6926762613409,0.8232155717521531,abl_mi_none
wf1,9538,2.213978432127039,1.8755465790859398,52.637430585309716,76.30912520833206,0.9967742162953718,4.465693736079622,1.9064787022202028,104.69969477437583,624.3077885460867,0.8245847786582874,abl_plus_dow
wf2,9297,1.8593678927332935,1.4709382018779484,43.951208462646456,67.30255078389757,0.9975334885845192,4.1058133750614445,1.4979813643708428,94.6267058660694,614.2822138358333,0.8321635392976529,abl_plus_dow
wf3,9379,1.897810278362801,1.521117145419451,44.68305550792483,67.92680645225947,0.997560369764705,4.420718894288959,1.5524840422293023,100.7247789082623,631.9827071215615,0.8284970821586235,abl_plus_dow
city,2477,2.0735828573781,1.6839056603740525,49.061153040528076,71.6383716269948,0.9974142787832756,4.591316115615547,1.7241685866505838,107.81140368985714,662.429158433944,0.8228218208711942,abl_plus_dow
wf1,9538,2.0895750098580548,1.7934470200196135,50.72761625693916,74.01988159625044,0.9969648576402275,4.349813522316115,1.8247461344044222,102.71750309407614,622.7173437031169,0.8254773924406984,abl_mi_none_plus_dow
wf2,9297,1.7315221671248013,1.4237306493939816,40.96937354563832,61.216816086250624,0.9979593827339303,3.9872318069540356,1.4489306767239851,91.65567126580515,612.8634462445583,0.832937925856549,abl_mi_none_plus_dow
wf3,9379,1.7721459942052358,1.4748469890176905,41.574511734517706,61.67040959204586,0.9979890777520048,4.2921252372486824,1.5024097899957267,97.62320415517797,631.0178865783006,0.8290203345480371,abl_mi_none_plus_dow
city,2477,1.9454601365987658,1.6095207628650612,46.08400481489631,66.43428391510048,0.9977763071268658,4.4623315481173185,1.6477516469323974,104.8621194421214,661.9192340329838,0.8230944921504906,abl_mi_none_plus_dow
wf1,9538,1.9864834766650143,1.7019765763726085,48.10415233669603,70.24209441068172,0.9972667635814121,4.247135126645336,1.733439347770752,100.14990963152333,622.4381821174054,0.8256338328799224,abl_plus_lane_ref
wf2,9297,1.7572562308440016,1.4247435434715898,41.49671556935701,62.48755480737252,0.9978737851730315,4.010132698718668,1.4525720059966674,92.18749870221198,613.1946890311842,0.8327572883524063,abl_plus_lane_ref
wf3,9379,1.7678568431064048,1.4406118114330086,41.46744909578524,62.20338441479053,0.9979541695286178,4.288626060594518,1.465828544730447,97.52304168860287,631.1405881851961,0.8289538339943238,abl_plus_lane_ref
city,2477,1.9677139357730795,1.60741846389072,46.62305566724374,67.26128339033849,0.997720599772933,4.486137646608138,1.6340856893036362,105.41259143294629,662.1497683062511,0.8229712448340879,abl_plus_lane_ref
wf1,9538,1.9899678595498387,1.704682833967862,48.20754060371582,70.40164410563851,0.9972543327930042,4.250414751607749,1.7403866827285368,100.25052940735453,622.4454298773722,0.8256297721666832,abl_no_coords
wf2,9297,1.7613562191361838,1.4259303761269133,41.59186049253432,62.60826866922554,0.997865562367198,4.013814364171588,1.446925678298637,92.27618370607749,613.1461014841948,0.8327837908362691,abl_no_coords
wf3,9379,1.777598630138626,1.445053967341054,41.65692409934029,62.39131291595397,0.9979417891529587,4.298767669229583,1.472532683491882,97.7097827842217,631.1152094331007,0.8289675895697013,abl_no_coords
city,2477,2.468495602233704,2.153268293397637,57.573579768328585,79.21354804902555,0.996838528870546,4.991703563745325,2.1872312463005166,116.18780192523721,663.3961150352199,0.8223041846850538,abl_no_coords
wf1,9538,2.268164334940249,1.923521069589178,53.54238775912395,77.30287870164106,0.996689652178675,4.519700850016399,1.9504032778690246,105.50190199364384,623.2250404922802,0.8251927024839759,abl_no_cities
wf2,9297,2.086018931429876,1.720554115123449,47.93446437339218,70.39693743265859,0.9973014677493685,4.326818763077641,1.7500432885819928,98.50925034279072,613.9880752016245,0.832324232109162,abl_no_cities
wf3,9379,2.099630939687361,1.7413815527441576,48.07371330898193,70.18762205623507,0.9973952702464682,4.6164965788220655,1.7706866287710576,104.00485538524558,631.98199707173,0.8284974675348312,abl_no_cities
city,2477,2.0977249420235458,1.740391966209533,49.85843708962491,73.24904061461531,0.9972967004660445,4.6112184809559835,1.777177809165359,108.63593242057105,664.4304173007223,0.8217496609102197,abl_no_cities
wf1,9538,2.8628312125724795,2.5083728603750126,67.96061379636977,96.49610746871217,0.9948417559788663,5.1172818006479535,2.550198077481087,119.76452472754455,626.8322969986889,0.8231632600875185,abl_no_weight
wf2,9297,2.745803172427285,2.419306264435668,64.15666263352178,91.02628346035668,0.9954881598639032,4.991904975836816,2.4544963904604904,114.59388758845297,617.4263588132939,0.8304410324444198,abl_no_weight
wf3,9379,2.780137989458192,2.5224893690735084,65.54034999097975,91.97492485233286,0.9955271895222757,5.302183026472908,2.5652363671783234,121.35708475973425,635.2279702401104,0.8267312075528406,abl_no_weight
city,2477,2.9196982495971584,2.6088427354998527,70.32965843609975,97.55692610475585,0.9952048024533756,5.447463564459252,2.6553431715561224,128.96412034242664,667.5343902437376,0.8200803315576571,abl_no_weight
wf1,9538,2.2108765190701494,1.935663931955612,52.89858626977171,75.21020445534556,0.9968664557463291,4.51334817118075,1.9622461162142784,104.85308514932561,620.1136212565985,0.8269337785296935,abl_halflife_60d
wf2,9297,2.4438960986736347,2.228781550634832,58.60952581406059,81.65187199507595,0.9963696175999881,4.724836254558444,2.2589759147894988,109.04241069304153,612.8978036376495,0.8329191941854875,abl_halflife_60d
wf3,9379,1.715454285607744,1.4148334008853485,40.49407507746542,60.170659122046324,0.9980856949236091,4.26120407776192,1.4388481780440263,96.52836430637869,629.1679529370329,0.8300213755559881,abl_halflife_60d
city,2477,1.9211119934148264,1.6432318016412564,46.87393059452066,67.80003509232706,0.9976839382984319,4.464691101438648,1.6643753743407728,105.65270135955318,660.6411975949673,0.8237769724414878,abl_halflife_60d
wf1,9538,1.9566194082583626,1.7125201028192205,47.19245372323741,67.60026915719901,0.9974684929329531,4.24106749642173,1.737914054136379,99.2370590534999,620.6229113917371,0.826649388344689,abl_halflife_120d
wf2,9297,2.044710557175924,1.768633550502758,48.74167573804782,70.19193069324038,0.9973171619483212,4.3150179205210994,1.7950174512802692,99.31784116420307,612.5371491675219,0.8331157708736413,abl_halflife_120d
wf3,9379,1.6925061376583357,1.4013713133726975,39.83389832386739,59.47179862435262,0.9981299046098139,4.23150725852297,1.4200390067293935,95.89196210165993,629.64649078828,0.8297627096817695,abl_halflife_120d
city,2477,1.9010936878216602,1.604411940916866,45.93484642347925,66.44637577055981,0.9977754975743803,4.437698476617117,1.6266099441879707,104.73151647802015,660.961217804974,0.823606203226415,abl_halflife_120d
wf1,9538,1.9291523879566261,1.689215079828037,46.67735714919525,67.50095409817945,0.9974759258054017,4.202317378488907,1.7189502795212492,98.73513783932096,621.3614803654655,0.8262365529094345,abl_halflife_240d
wf2,9297,1.867161048602829,1.5631618772718772,44.29748939942525,65.29043947779495,0.9976787641743456,4.1296076709207945,1.5815505467859865,94.93961203096073,612.6743264449528,0.8330410152849106,abl_halflife_240d
wf3,9379,1.7079476656191923,1.3933970325881255,40.086360431854885,60.007964696981254,0.998096033042238,4.2396085568991975,1.415532459618724,96.15107535330793,630.2154690935162,0.8294549017591182,abl_halflife_240d
city,2477,1.9066524956953823,1.5857421275657775,45.65086195589907,66.03304536877948,0.9978030865807761,4.435693437025201,1.6125216350356006,104.45427794360808,661.3931177890605,0.8233756015903588,abl_halflife_240d
wf1,9538,1.9903399738711538,1.7048242812864485,48.21131732906653,70.40144554479146,0.9972543482807459,4.250745628025468,1.7407790398184544,100.2539659839798,622.4468991437577,0.8256289489728594,tune_alpha_0.3
wf2,9297,1.761364156241102,1.4266783356776762,41.593001808462596,62.61547741722549,0.9978650708184248,4.013858409311178,1.44851092319862,92.27722810000004,613.1452573547228,0.83278425125519,tune_alpha_0.3
wf3,9379,1.7776042270183972,1.4484493504813192,41.65984950750748,62.39596500526998,0.997941482208379,4.2988398899879625,1.4719760581616483,97.71304022891495,631.1162002335628,0.8289670525548369,tune_alpha_0.3
city,2477,1.9584418479275556,1.6012746971001943,46.42144159995036,67.06166845009832,0.9977341090950783,4.476834021489829,1.6299109644300578,105.21509372176472,662.1131956450628,0.8229908000289753,tune_alpha_0.3
wf1,9538,1.9890037426770049,1.6981377759384624,48.23193108445802,70.47707750245104,0.9972484458292679,4.249468219642501,1.728737941438051,100.27551658739281,622.4761228636676,0.8256125752375733,tune_alpha_10
wf2,9297,1.7617011486516714,1.4251330638803057,41.57551960661947,62.54501825826548,0.9978698728477766,4.014122017361099,1.4527380645825196,92.26214435048018,613.1798892892574,0.8327653612178317,tune_alpha_10
wf3,9379,1.7773721965347333,1.4460114295882505,41.635059573281644,62.31621158661184,0.9979467411673258,4.2985819177700435,1.4756005464839552,97.68931340072838,631.1181056169335,0.8289660198327307,tune_alpha_10
city,2477,1.9559490128129786,1.5976013044768824,46.31492432619993,66.83567727254503,0.9977493550187412,4.474632522423393,1.6256218017607391,105.11485532164747,662.1401831680458,0.8229763700576678,tune_alpha_10
wf1,9538,1.9897984366165737,1.696192097516997,48.31553208245063,70.69403951098631,0.9972314785644714,4.2503029819806715,1.7260464825475905,100.35981013242292,622.5347525888036,0.8255797233163267,tune_alpha_30
wf2,9297,1.764989070748028,1.4316598912646177,41.598101068526404,62.505638572601676,0.9978725543508767,4.017230116900433,1.4586545656836911,92.2879196552591,613.2450223594254,0.8327298314029654,tune_alpha_30
wf3,9379,1.7788731533250983,1.4456149503805347,41.63171379660692,62.24055984085052,0.9979517234447947,4.300021341921488,1.4755414347770621,97.6871732230004,631.1283870266718,0.8289604472315422,tune_alpha_30
city,2477,1.95448564690099,1.5951696813026415,46.14749321587001,66.54124017295534,0.9977691412688623,4.4735527917092766,1.617659167869547,104.95725613061772,662.2005775680383,0.8229440756168069,tune_alpha_30
wf1,9538,1.995214126662408,1.7048345917858663,48.279705526089124,70.47863692546466,0.9972483240624603,4.255968400112323,1.738742075524435,100.32018132496634,622.4362235755482,0.8256349301869621,tune_knots_4
wf2,9297,1.7675926664366355,1.4277023357319218,41.68779510523183,62.6517899486998,0.9978625938857013,4.020380900280054,1.4516737722581916,92.37057772445807,613.1320397272427,0.832791460547365,tune_knots_4
wf3,9379,1.781890052782713,1.4527387919525512,41.70853462607597,62.37457797263164,0.9979428931342945,4.303473815329227,1.4760875028830853,97.7650008331257,631.1129045733936,0.8289688388027596,tune_knots_4
city,2477,1.964946511829817,1.5952463730637463,46.4313130259682,67.01531402647475,0.9977372404745518,4.481826034778206,1.6155328503726782,105.22059639107367,662.0299264646706,0.8230353195590676,tune_knots_4
wf1,9538,1.9887903136331673,1.7025835097424933,48.18130524582904,70.4033664135855,0.9972541984511901,4.248793291802301,1.7376453302377404,100.2240841375638,622.4368537308513,0.8256345771319025,tune_knots_10
wf2,9297,1.7599871605922839,1.431020490807712,41.55819172690966,62.60130943727583,0.9978660368483275,4.01227164759606,1.4547510181096648,92.2421965730092,613.131459655719,0.8327917769322872,tune_knots_10
wf3,9379,1.7771549443672006,1.4468984238938531,41.64465476594992,62.389441522328006,0.9979419126209454,4.298434397254595,1.4751615257849184,97.699084305448,631.1225437687767,0.8289636143322813,tune_knots_10
city,2477,1.9586906866221023,1.6025637726579691,46.411042545359884,67.01363779939928,0.9977373536681227,4.477048589858883,1.637811999063643,105.20246032886442,662.0882513971346,0.8230041369575465,tune_knots_10
wf1,9538,1.991022132903069,1.6866721278196606,48.17812457072355,70.29208889916089,0.9972628714598392,4.249528590263691,1.7141425210103114,100.21681133082856,622.6774251925912,0.8254997668271582,blend_ridge_spline_catboost
wf2,9297,1.7533081488558149,1.4161385841093395,41.38554490502857,62.36393530067871,0.997882189458917,4.005661142484252,1.4429821993738985,92.0813447459692,613.3362394157964,0.8326800665402813,blend_ridge_spline_catboost
wf3,9379,1.7601888679905104,1.4429371889539837,41.333355403468154,61.916747751107586,0.9979729806888543,4.27925677339848,1.4696186200430643,97.37907511376407,631.005005085504,0.8290273151769394,blend_ridge_spline_catboost
city,2477,1.9035267130649836,1.55999263655733,46.06823889679729,67.1862404404956,0.9977256831578171,4.426655283514479,1.583157308322423,104.8901889368765,662.5511453853763,0.8227565598067517,blend_ridge_spline_catboost
wf1,9538,1.990720213111948,1.7074264029706778,48.16605127196972,70.3701828190378,0.9972567862277966,4.248600370173804,1.7335805831220432,100.20355600801372,622.7514800082329,0.8254582578515205,blend_ridge_spline_hgb
wf2,9297,1.7506954163192083,1.416649894511045,41.50893494971459,62.730597426394496,0.9978572133682592,4.0044302112856744,1.4420067078492815,92.22456643019686,613.5589549178733,0.8325585295874479,blend_ridge_spline_hgb
wf3,9379,1.7564184847858335,1.4323576823743673,41.203966338753915,61.88317662138691,0.9979751781841237,4.2753793707651475,1.457506033577981,97.2467543553305,630.7833590238677,0.8291474054024773,blend_ridge_spline_hgb
city,2477,2.1120730009984583,1.7795517158744563,49.84061267074443,70.66648495944874,0.997483961589861,4.640899627492981,1.813023928847992,108.60905213135318,662.5273970242467,0.8227692657414323,blend_ridge_spline_hgb
wf1,9538,2.2679390692239476,1.9419204003875752,54.770016032436786,79.47152435844103,0.9965013106693362,4.522949335616808,1.975476152840198,106.68122317809629,623.0428752252195,0.8252948779810456,abl_day_of_month
wf2,9297,1.7478781014604787,1.4484864406625795,41.2887894317587,61.305175797148216,0.9979534876714029,3.999077945591926,1.466200626977299,91.9704376035782,612.898164028705,0.8329189976945055,abl_day_of_month
wf3,9379,1.6906706236618,1.397768468656594,39.531482527810354,58.73854586561824,0.9981757347094954,4.213984018958287,1.4228258642259286,95.62185368970313,630.7588520777726,0.8291606809397242,abl_day_of_month
city,2477,1.88282851513064,1.56610335741929,44.51205069524842,63.621024542386834,0.9979606507613621,4.406288573055487,1.6047255401749405,103.33538003383794,661.5408668131619,0.8232966803055566,abl_day_of_month
wf1,9538,1.9809287501307757,1.6969800854088188,48.02196675516466,70.16007978088807,0.9972731425058222,4.241620306146605,1.7298833430483829,100.0716504315772,622.5073923445865,0.8255950544331151,r2_lane_s0.1
wf2,9297,1.7481836914387199,1.4174021893086064,41.31438832966222,62.27755003689329,0.9978880524922129,4.001080046707285,1.4406999103913596,92.00592556064737,613.1672509009278,0.83277225496814,r2_lane_s0.1
wf3,9379,1.7625431932417928,1.4328996463241852,41.32641801920572,61.96123928955228,0.9979700665303077,4.283579233882824,1.4611264502213555,97.38053868745185,631.0266877784596,0.8290155649946374,r2_lane_s0.1
city,2477,1.95811765759584,1.6061113426740568,46.412180943337944,67.03108122365114,0.997736175596377,4.476181224829446,1.6332777636971731,105.20538139075923,662.1398075502321,0.8229765709009687,r2_lane_s0.1
wf1,9538,1.9644040436914565,1.669875129671802,47.67794733481584,69.71312419972458,0.9973077747936038,4.224633684321501,1.705114581512028,99.73845915934346,622.7739348530383,0.8254456705562092,r2_lane_s0.3
wf2,9297,1.7249195311400227,1.405657478385906,40.99147050458913,62.11180278826277,0.997899279127577,3.9794051432836652,1.42597185942392,91.70076083746677,613.3598322784351,0.8326671938878033,r2_lane_s0.3
wf3,9379,1.7288945445748776,1.4080902174810597,40.63125380911797,61.211328623357716,0.9980189053477637,4.248315499097972,1.4349266387180066,96.67448223622321,630.6690608706502,0.829209316886042,r2_lane_s0.3
city,2477,1.959793925009485,1.602864344693616,46.44721650174919,67.03448075503916,0.9977359459674607,4.477952206576868,1.6367345424832112,105.24142222525312,662.1426507665471,0.8229750506269219,r2_lane_s0.3
wf1,9538,2.2242223437490907,1.9057024176993336,53.86982862006357,78.50664726003455,0.9965857512819514,4.473143417790908,1.9468379477868694,105.8096356532806,624.2672927525552,0.8246075345755732,r2_lane_s1
wf2,9297,1.9763346242805506,1.6141909363592222,47.52230872869896,71.94033459889492,0.9971818442734568,4.228181072914357,1.6446978132528538,98.13084307205536,614.3686357502568,0.8321163109448318,r2_lane_s1
wf3,9379,1.9301528406636206,1.5849625693819738,45.82234161199615,69.12216857323382,0.997473750020923,4.444802898856546,1.6162532717823592,101.76054208549445,630.9188600132255,0.8290739945180083,r2_lane_s1
city,2477,1.9607818674113164,1.6035783047468988,46.4796440335886,67.06414423248148,0.9977339417876889,4.478652333876731,1.639133152687631,105.27545066142106,662.2158409123018,0.822935913447324,r2_lane_s1
wf1,9538,1.981845793051892,1.7009170418553377,48.03023408723974,70.18084957218349,0.997271527780059,4.242357111497015,1.7284010731345678,100.08064533697981,622.5408855233242,0.8255762866779682,r2_ulane_s0.1
wf2,9297,1.7503740782725343,1.4213145796369338,41.35493031461608,62.32201263101162,0.9978850357972614,4.00325572716839,1.4406958968828973,92.04921413788202,613.2617295546102,0.8327207170903447,r2_ulane_s0.1
wf3,9379,1.7646821410012399,1.4436254579566246,41.37856214156576,62.02124705254561,0.9979661327564318,4.2866029211840635,1.468861437945593,97.43526432089719,631.070541562966,0.8289917987252765,r2_ulane_s0.1
city,2477,1.9582535360662863,1.609454734391469,46.41944313333488,67.0475370925292,0.9977350639398253,4.476471050255021,1.6338334115974646,105.21285189989781,662.1369166942399,0.822978116641363,r2_ulane_s0.1
wf1,9538,1.9911641050904287,1.6931175633547895,48.23044366764858,70.52521315113601,0.9972446859379571,4.250205204314889,1.7188963877303822,100.28300361207936,622.90465444218,0.8253723853281254,r2_ulane_s0.3
wf2,9297,1.7623018163152375,1.436885372559671,41.7618109653456,63.018039483072734,0.9978375311665306,4.0160132279075365,1.4579446358668722,92.47735611814277,613.8709095439909,0.8323882202155326,r2_ulane_s0.3
wf3,9379,1.7661879205394855,1.4513938125299826,41.48588849192914,62.2807904242421,0.9979490746899439,4.289377367401736,1.476147140801621,97.53791046236135,631.0466846995593,0.8290047279999491,r2_ulane_s0.3
city,2477,1.961435091031679,1.6043328258871312,46.47382533693412,67.08254305516523,0.9977326982462151,4.479912970041303,1.637131629663346,105.26892664405732,662.1323152307726,0.822980577029474,r2_ulane_s0.3
wf1,9538,2.2331348824334123,1.909895723730596,53.930500638376316,78.68052797049437,0.9965706104126945,4.486368323654876,1.9357930802580459,105.90021447858219,624.1972065513971,0.8246469148273157,r2_ulane_s1
wf2,9297,1.9758152901461168,1.6117599712346293,47.10484438580877,71.17316905101002,0.9972416289365553,4.2281139995852595,1.637261524756665,97.75690854856805,615.1094983703942,0.831711167399997,r2_ulane_s1
wf3,9379,1.932346659429111,1.5920344584155814,45.751093351546814,68.94197407628022,0.997486904208706,4.455515988875821,1.6140528452617093,101.74626973307696,631.7593442516105,0.8286182899511028,r2_ulane_s1
city,2477,1.9630454522970169,1.5980132272572543,46.55504136418898,67.17575610803331,0.9977263929112806,4.481384468504205,1.6244108766146423,105.34985714528652,662.1552358772769,0.8229683212620049,r2_ulane_s1
wf1,9538,1.9997718813884402,1.7160260343975025,48.4568480157932,70.66582261532176,0.9972336881847099,4.2599000904393005,1.7490956476315,100.50149271185396,622.6115259321926,0.8255367003254206,r2_cityeq_s0.1
wf2,9297,1.7711074747351296,1.435497163397717,41.91346512746271,63.12451652476252,0.9978302174574017,4.022742290166432,1.465786847642912,92.59599573028893,613.3163616131741,0.832690911810795,r2_cityeq_s0.1
wf3,9379,1.7832498996492463,1.4495629486154527,41.881744124942735,62.785780672032274,0.9979156808894944,4.30355954621646,1.486583335730734,97.9346164249296,631.1950480671047,0.8289243142452563,r2_cityeq_s0.1
city,2477,1.9614995982857253,1.6074923973344053,46.571499253483566,67.07474161369146,0.997733225572479,4.480476570877002,1.639187102361151,105.37745383215942,662.2710756535707,0.82290637474928,r2_cityeq_s0.1
wf1,9538,2.014858540661376,1.745312727637676,48.776977073459896,71.09661491732949,0.9971998574522989,4.274342300920784,1.770304923456839,100.81580676177138,622.653546394062,0.8255131502447871,r2_cityeq_s0.3
wf2,9297,1.7830795535883726,1.4537118169433596,42.22553632465133,63.596529896116714,0.9977976470543308,4.034237561411554,1.4791510615123116,92.91020912684621,613.4624465823589,0.8326112000817524,r2_cityeq_s0.3
wf3,9379,1.7907533919234504,1.4654221177270028,42.12853964200982,63.21800776760918,0.997886884555327,4.311001083701947,1.4904786081267223,98.18289826651635,631.2501787768246,0.8288944282824593,r2_cityeq_s0.3
city,2477,1.9647294513142515,1.6087500970259672,46.65683279878709,67.25154387688156,0.9977212598448423,4.484705866708385,1.6440976942407308,105.47566592914342,662.353347881501,0.8228623722475039,r2_cityeq_s0.3
wf1,9538,2.019967040585952,1.7376883343205503,48.90146002570253,71.31488672781538,0.9971826377749181,4.279447330770411,1.772142717750535,100.93945920659189,622.6906793364805,0.8254923380182084,r2_cityeq_s1
wf2,9297,1.7861496710875817,1.4592950025368028,42.30621995071225,63.74584842452121,0.9977872930882278,4.0371806489621225,1.4825966384422522,92.99082848652608,613.4992390026366,0.832591121187623,r2_cityeq_s1
wf3,9379,1.7919209541741927,1.462871568644833,42.16829259994901,63.28207111174719,0.9978825996422642,4.312196716542864,1.4939031979871893,98.2233111071811,631.2705868128558,0.8288833645703642,r2_cityeq_s1
city,2477,1.9638646008187064,1.6139043622264662,46.6713835039307,67.4294571371734,0.9977091871300278,4.48442832565047,1.6384676512432557,105.48121988185162,662.2766007437621,0.8229034198796827,r2_cityeq_s1
wf1,9538,1.9911423828105634,1.701186234749201,48.24962113226192,70.44966145890032,0.9972505861579807,4.2517757082463365,1.7356140937611402,100.28895214275705,622.3976918372748,0.8256565175593656,r2_mi_x_eq
wf2,9297,1.7608669776805048,1.4205218995410427,41.59000729699514,62.538808463647236,0.9978702958069775,4.013581889662621,1.448890769632593,92.27510476956088,613.1330267557726,0.8327909221976425,r2_mi_x_eq
wf3,9379,1.7764840671992184,1.4458147290046641,41.63350361376831,62.31078607350243,0.9979470986825689,4.297648505035883,1.47256848244938,97.68682702088627,631.0971639253631,0.8289773701058549,r2_mi_x_eq
city,2477,1.956841834865922,1.6014776354339202,46.37893785471242,66.91433277323125,0.9977440545630175,4.475084502884085,1.6265902456360108,105.17231465587325,662.0888465639116,0.8230038187458746,r2_mi_x_eq
wf1,9538,1.988639167598561,1.7088018046521867,48.08973898411784,70.15501785969215,0.997273535967171,4.249466277973551,1.7345638177981328,100.13592783334491,622.4005354664819,0.8256549244642827,r2_mi_x_logd
wf2,9297,1.759243754360619,1.4335919959080234,41.624550237864575,62.77823560062033,0.9978539576300159,4.011975673495876,1.453317968204287,92.3074085331378,613.1201852773896,0.8327979261892029,r2_mi_x_logd
wf3,9379,1.7771003775791308,1.4478532545415963,41.70279376333326,62.52204941792754,0.9979331544505876,4.298326006550057,1.477155533803394,97.75423423616512,631.1070970875357,0.8289719864375892,r2_mi_x_logd
city,2477,1.9598781024499488,1.6053318991291619,46.47537963355219,67.20988117990127,0.9977240823541161,4.478798743174551,1.6292766803380665,105.27367837671135,662.1836210762829,0.8229531429869832,r2_mi_x_logd
wf1,9538,1.989650540462358,1.7024951885095403,48.130966539229206,70.20193035236574,0.9972698883880576,4.2506944310214365,1.7405591298742553,100.17368398365882,622.3505055309797,0.8256829518255115,r2_mi_x_eq_logd
wf2,9297,1.7587961991828307,1.4266680817103556,41.62364658760352,62.701252019304114,0.9978592176928065,4.01175244085072,1.4512565657923284,92.30717888093778,613.1055126470802,0.8328059287470044,r2_mi_x_eq_logd
wf3,9379,1.776068908101875,1.4486353835627959,41.682061446923306,62.44169250332285,0.99793846389267,4.297230565893764,1.475984161503354,97.73352319844224,631.0878809485247,0.8289824013039864,r2_mi_x_eq_logd
city,2477,1.958194011696423,1.6030305360478208,46.43634112317281,67.07511588090172,0.9977332002758714,4.476939947073067,1.6254334895261167,105.23391863696946,662.1567841555999,0.8229674933756838,r2_mi_x_eq_logd
wf1,9538,1.990001763893719,1.7025972691285953,48.21208318435652,70.40759862527996,0.9972538683203085,4.250424410702443,1.739619731721488,100.25529510282131,622.4525676911467,0.8256257730069477,r2_coord_spline_k4
wf2,9297,1.7613004930044973,1.4277817473234242,41.5847763756844,62.586734000624936,0.9978670304321394,4.013723752979254,1.4482849577976682,92.2691693517111,613.1451132804141,0.8327843298384956,r2_coord_spline_k4
wf3,9379,1.777385910816907,1.4458711881950546,41.64773172620088,62.363369008437374,0.9979436324087277,4.298568461804819,1.472351882040584,97.70100168733121,631.1164478475072,0.828966918347694,r2_coord_spline_k4
city,2477,1.8216165834021067,1.4657061900067787,44.11256029216841,65.91251466313194,0.9978110993524534,4.332532732855,1.5149435220732286,102.92951891293511,662.4469112052657,0.8228123241701362,r2_coord_spline_k4
wf1,9538,1.9900207817643967,1.7037230544069704,48.21234448978704,70.40821148531566,0.9972538205129208,4.2504489705242126,1.7404341798192142,100.25557451622154,622.4526411736371,0.8256257318360896,r2_coord_spline_k6
wf2,9297,1.7613023757067734,1.4283282418646572,41.58495123817282,62.587082872973966,0.9978670066527815,4.013727968069638,1.4487451953310126,92.26934665199087,613.1450285040993,0.8327843760785356,r2_coord_spline_k6
wf3,9379,1.777398035128984,1.4459132857949408,41.64828951254929,62.36397450932605,0.9979435924770028,4.298579308405651,1.4713398900404229,97.7015696582233,631.1165196090556,0.8289668794528133,r2_coord_spline_k6
city,2477,1.7558326633659125,1.389618587839974,42.827127865149535,64.51353617817648,0.9979030311321855,4.270599991295255,1.4186077196288223,101.68196216364423,662.3867948699994,0.8228444818879007,r2_coord_spline_k6
wf1,9538,1.9900252162633887,1.7036466883077452,48.212458564579265,70.40853394442118,0.9972537953586783,4.25045421266331,1.7407516742527034,100.25568644362109,622.4526494790063,0.825625727182747,r2_coord_spline_k8
wf2,9297,1.761302478114996,1.4284980425884612,41.58499498613702,62.58722246968096,0.9978669971377453,4.013727955177434,1.4487780692357959,92.26938633754523,613.1449936479046,0.8327843950903515,r2_coord_spline_k8
wf3,9379,1.7774006119295713,1.445920319320895,41.648415013347126,62.36415174923762,0.9979435807882672,4.298582027341833,1.4711955065757933,97.70169850789705,631.1165491661205,0.8289668634328329,r2_coord_spline_k8
city,2477,1.7563592739207379,1.3898388411258662,42.85320000218832,64.55206228252594,0.9979005258544205,4.271556587201505,1.4220236219497628,101.71447687884329,662.4887017894446,0.8227899676313017,r2_coord_spline_k8
wf1,9538,4.662851942839846,4.6766239767218,108.39526211960514,140.4148778822426,0.9890778396788834,7.007658937434731,4.723070971681592,159.5307898555076,626.2751039625443,0.8234775017362241,r2_anchor_4w
wf2,9297,2.4831416731914047,2.2896093208121227,59.06402519469871,81.85896517741428,0.9963511788096999,4.765193707525955,2.3226746345468468,109.48166732217533,612.7539920037589,0.8329975933721835,r2_anchor_4w
wf3,9379,2.1206583607339935,1.7963654320730542,49.62145694768341,72.77788150266231,0.9971994686909037,4.615184420868258,1.827002598024801,105.57193267162286,633.606130317487,0.8276148446741153,r2_anchor_4w
city,2477,2.2562668582290697,1.9087301508334642,52.55387173464764,75.06675198789976,0.9971608683052646,4.74752317687762,1.9349976881603808,111.25989986702861,664.3835721084021,0.8217747948500181,r2_anchor_4w
wf1,9538,3.505330021255927,3.374260120567263,81.67181515786645,110.57624038515084,0.9932266123221091,5.836523116091843,3.420081680810623,133.19424750835836,622.2277382066143,0.8257517179842533,r2_anchor_8w
wf2,9297,3.733246768645429,3.6936195732755652,88.48078467623954,115.38272734837221,0.9927506063733167,6.034452893263404,3.7293827268446043,138.4661155412439,615.6763862151746,0.8314008328828901,r2_anchor_8w
wf3,9379,1.7090734978716344,1.3991416240982442,40.13833970993251,60.120932499466825,0.9980888576807689,4.240716885748828,1.4245792011656968,96.20690707736789,630.2929587056396,0.8294129596404936,r2_anchor_8w
city,2477,1.9108093005071867,1.5864453489620856,45.69876037037171,66.09331710788595,0.9977990742799284,4.438514127117128,1.6126856861950742,104.50105008072657,661.4841541564862,0.8233269758946932,r2_anchor_8w
wf1,9538,1.964372670376537,1.6727997739169338,47.68299771878001,69.71702893471675,0.9973074731941417,4.224590231148415,1.7018157319672809,99.7441459858789,622.7883764931402,0.8254375749057935,r2_combo_lane0.3_coord6
wf2,9297,1.7245242448946783,1.404538179327135,40.97866663097006,62.09712621699518,0.9979002717806832,3.9790168179496335,1.4257718949805498,91.68799051646702,613.3590015383159,0.8326676471616365,r2_combo_lane0.3_coord6
wf3,9379,1.7286753306610398,1.4124060450842424,40.62868410550009,61.21203050108789,0.998018859915187,4.2481368642519515,1.4373860439128001,96.67240109804362,630.670228082238,0.8292086847032976,r2_combo_lane0.3_coord6
city,2477,1.7579851078412694,1.3993622951934892,42.86727074813049,64.59178094843082,0.9978979414608786,4.272853565602284,1.4223168731963947,101.7227867891509,662.4003900667881,0.8228372097355393,r2_combo_lane0.3_coord6
wf1,9538,1.9641404539325822,1.669178920458771,47.60604343942991,69.5133261156824,0.9973231845354684,4.224941881940528,1.6947279507813322,99.6671215161116,622.6937399545433,0.8254906225513396,r2_combo_lane0.3_coord6_mix
wf2,9297,1.7222096522810788,1.4050081331418889,41.01600694083163,62.1877177890516,0.9978941408550441,3.9771417972884415,1.425294958535802,91.72441540187924,613.3183697724793,0.832689816180959,r2_combo_lane0.3_coord6_mix
wf3,9379,1.7276987328572728,1.4036321585615852,40.65205693300934,61.264403720653135,0.9980154683246143,4.247032290054728,1.4301059026338145,96.6943220284605,630.6494329313355,0.8292199475549819,r2_combo_lane0.3_coord6_mix
city,2477,1.7568088338307857,1.403636963403322,42.84315076442596,64.59008472051174,0.9978980518626516,4.27208502698786,1.4348435469717873,101.70315560313567,662.4396260557633,0.8228162213325765,r2_combo_lane0.3_coord6_mix
