experiment,group,description,MAPE_wf1,MAPE_wf2,MAPE_wf3,MAPE_city,MAPE_wf_mean,MAPE_all_wf_mean,MedAPE_wf_mean,MAE_wf_mean,RMSE_wf_mean,R2_wf_mean,MAE_all_wf_mean,RMSE_all_wf_mean,seconds
baseline_a_eq_dist,1 baseline,equipment x distance-bucket median ppm x distance,3.971641151515156,3.8276995983504336,3.8161997693294447,3.8191932531024606,3.8718468397316776,6.188457710371299,3.276233154786287,84.22633696593486,115.98147892601536,0.9926916302502761,136.64987816878303,630.3608460638737,1.3616929054260254
baseline_b_lane,1 baseline,lane x equipment median ppm (city / eq x dist fallback) x distance,3.5651242947074793,3.35051434509714,3.2877950036737706,3.6785245584170374,3.40114454782613,5.732828882604668,2.8988966360767954,77.26518510934103,108.7143161313395,0.9935740113600783,129.86969058351596,630.3043343208955,0.20945286750793457
baseline_c_lane_x_mi,1 baseline,"(b) x exp(a + b*market_index), OLS on OOF log ratio",3.440965033383821,4.6709235454315,4.893440464659811,4.937316480313688,4.335109681158378,6.583887976873015,3.9057223033252377,99.14352260890179,137.73453325067723,0.9894817079816723,151.47771554090258,640.3519225920968,1.179250955581665
baseline_c2_lane_x_mi_detrended,1 baseline,(b) x exp(a + b*detrended market_index),3.4130472061929726,3.281339806364732,3.2532445880967256,3.6546650508516674,3.3158772002181434,5.645844210211917,2.8175031479917805,74.88008497288524,105.28373372902035,0.9939824447763607,127.51779468151712,629.5533841397008,1.2445061206817627
ridge_log_ppm,2 linear,"Ridge, one-hot cities, y=log ppm; cats + distance + weight + coords + MI level&detrended + dow",2.243710816872519,4.3128833222500065,4.7981431749983585,4.754309950029333,3.7849124380402945,6.029966281538218,3.5532728038247843,88.60216866267331,117.87179879536636,0.9919779548803698,140.96329347131493,635.9682125589142,1.751682996749878
ridge_log_ratio,2 linear,"Ridge, y=log(ppm/lane ref); cats + distance + weight + coords + MI level&detrended + dow + lane ref",2.2466526514405034,4.312617724414843,4.792688217200073,4.736102956596822,3.78398619768514,6.028719592541161,3.5581622051493405,88.6112780604634,117.84579139802902,0.9919834712786931,140.97736279246547,636.0518292309847,1.7701818943023682
rf_log_ratio,3 trees,"RandomForest, y=log(ppm/lane ref); cats + distance + weight + coords + MI level&detrended + dow + lane ref",2.653186317783782,4.385304305195197,4.869401849729652,4.815336427778598,3.9692974909028766,6.208084135626028,3.7401846404396912,94.5649981612088,128.5382500655163,0.9906170250936036,146.86229057494447,638.6448930172054,19.585344791412354
hgb_log_ppm,3 trees,"HistGB native cats, y=log ppm; cats + distance + weight + coords + MI level&detrended + dow + lane ref",2.5427221485189504,4.452666558158116,5.148769738296904,4.8348271117132375,4.0480528149913235,6.282005350442066,3.8479962110599573,96.32302306741092,127.43451018463388,0.9906756310122239,148.57487005825092,638.2784331194586,15.597370147705078
hgb_log_ratio,3 trees,"HistGB native cats, y=log(ppm/lane ref); cats + distance + weight + coords + MI level&detrended + dow + lane ref",2.56465892431632,4.507996158358906,5.1612496508231045,4.931165776638932,4.077968244499444,6.3124626368344225,3.871246650987269,96.64328678138098,127.86358746683777,0.9906305686051716,148.8935867312807,638.3220088212123,13.962260007858276
catboost_log_ppm,3 trees,"CatBoost cats+lane, y=log ppm; cats + distance + weight + coords + MI level&detrended + dow + lane ref",2.465850126706866,4.444156794212573,5.315114103823825,5.416562040501695,4.075040341581087,6.3060208648897875,3.877019905409783,97.01095920048,128.55171682284637,0.9904571228233167,149.21564457629879,638.3353307801349,59.323307037353516
catboost_log_ratio,3 trees,"CatBoost cats+lane, y=log(ppm/lane ref); cats + distance + weight + coords + MI level&detrended + dow + lane ref",2.4769353237357574,4.493934505620369,5.28578468484943,5.305653840653191,4.085551504735186,6.315173423088377,3.8905342317910603,97.08149974317098,128.51632481998217,0.9904679188850535,149.27687862995222,638.3459721952504,59.19655394554138
ridge_mi_none_dow,3 MI/dow diagnosis,"ridge_log_ppm with market_index=none, day_of_week=True",2.1436185320491763,1.8097913184273302,1.8512069037869026,2.034889268137197,1.9348722514211365,4.281516527615236,1.629311719995154,45.92003013266051,67.799558614545,0.9974818086031444,98.83447746741423,622.7206184995048,1.723149061203003
ridge_mi_none,3 MI/dow diagnosis,"ridge_log_ppm with market_index=none, day_of_week=False",2.2750798833728627,1.9249269174528367,1.9371103955469915,2.135037589682299,2.04570573212423,4.391478403329011,1.7303583157285225,48.737580728538795,71.915454917108,0.9971671987962338,101.62544843185617,623.5842906035682,1.5223448276519775
ridge_mi_level_dow,3 MI/dow diagnosis,"ridge_log_ppm with market_index=level, day_of_week=True",2.2618539572333303,4.313934965325554,4.7483851131664725,4.7031123043124134,3.7747246785751187,6.0204972114352335,3.5291422241835337,88.32226646436477,117.77012245121705,0.9919969595427008,140.69451910234537,635.9826813996159,1.659991979598999
ridge_mi_level,3 MI/dow diagnosis,"ridge_log_ppm with market_index=level, day_of_week=False",2.1807735968959094,3.9477919916750377,4.399305315963173,4.37066244040978,3.509290301511373,5.765384184449403,3.249746738479775,81.90325637977861,110.60720463634603,0.9929772977359704,134.35182791258111,633.7585108505014,1.515272855758667
ridge_mi_detrended_dow,3 MI/dow diagnosis,"ridge_log_ppm with market_index=detrended, day_of_week=True",2.2603707984148067,1.935854618590837,1.9773264813420406,2.1625900135443716,2.057850632782561,4.399553211542771,1.6899298704654184,48.55332960654772,72.32833318758095,0.997150033628956,101.48637744718626,624.0223446054273,1.6267170906066895
ridge_mi_detrended,3 MI/dow diagnosis,"ridge_log_ppm with market_index=detrended, day_of_week=False",2.0449001880693882,1.839111317573501,1.8571685089455996,2.0463549780269723,1.9137266715294963,4.259768878962607,1.595464412636862,45.34585127526378,67.26540570086375,0.9975344755465927,98.2785569808882,622.7567792429624,1.638962984085083
hgb_mi_none_dow,3 MI/dow diagnosis,"hgb_log_ratio with market_index=none, day_of_week=True",2.2832488669804016,1.9305348088738516,1.92270847153101,2.439102115354721,2.0454973824617544,4.385564378295587,1.702304512543603,48.49510773600476,71.5605713165487,0.9971962747761091,101.35583248901355,623.0859436832229,18.714903116226196
hgb_mi_level_dow,3 MI/dow diagnosis,"hgb_log_ratio with market_index=level, day_of_week=True",2.4779663924893045,4.4761295775120935,4.976416426924677,4.843903390670938,3.9768374656420256,6.217414562918962,3.7704471896918794,94.34530531021176,125.54380390175125,0.9909617502481565,146.63884084952426,637.6701755608678,14.292486906051636
hgb_mi_detrended_dow,3 MI/dow diagnosis,"hgb_log_ratio with market_index=detrended, day_of_week=True",2.793652738345986,3.0082393362597255,2.7911862499821707,3.099931819796046,2.864359441529294,5.18294067740622,2.468514237974754,67.57327265818076,97.32321232642971,0.9948567614254457,120.19080543784521,627.2089546498541,14.61991810798645
ridge_det,4 corrected,"Ridge one-hot cities, y=log ppm; distance(+sq), weight, coords, MI detrended",2.0449001880693882,1.839111317573501,1.8571685089455996,2.0463549780269723,1.9137266715294963,4.259768878962607,1.595464412636862,45.34585127526378,67.26540570086375,0.9975344755465927,98.2785569808882,622.7567792429624,1.5388679504394531
ridge_spline,4 corrected,"ridge_det + cubic splines (log distance, weight) + equipment x log distance",1.9901338532151531,1.7613503051923804,1.7775667324590392,1.958243387048924,1.8430169636221911,4.1877282932946445,1.526157915086709,43.819651801995605,65.13402723254265,0.9976872019478268,96.74647641674129,622.2375531748643,1.7923309803009033
ridge_spline_log_ratio,4 corrected,ridge_spline with y=log(ppm / in-fold lane ref) + lane ref features,1.9863853308597084,1.7570167987388485,1.7674381200018079,1.9683448396243493,1.8369467498667884,4.181685345740197,1.5234282439007565,43.68290320156533,64.96322651540744,0.9976991691782983,96.61426719225783,622.2627649042992,2.1896920204162598
rf_mi_offset,4 corrected,"RandomForest, y=log(ppm/lane ref) minus linear MI-detrended offset; no MI/dow",2.240401796074544,2.0448594714437434,2.0334512739552775,2.2012437632138333,2.1062375138245213,4.445519778115344,1.7553086569906966,49.85695633427369,73.97441318179717,0.9970234085150738,102.7042601837151,623.6398441560445,18.518678903579712
hgb_mi_offset,4 corrected,"HistGB native cats + lane ref, y=log ppm minus linear MI-detrended offset",2.1551967752479473,1.9049991459160205,1.887619740968099,2.4193247747816877,1.982605220710689,4.322765230824466,1.6396959729654446,47.02135668549446,69.80463957506093,0.9973428249701487,99.90695794835722,623.0178127376388,13.528165817260742
catboost_mi_offset,4 corrected,"CatBoost cats+lane + lane ref, y=log ppm minus linear MI-detrended offset",2.048374467541838,1.8186852578366108,1.7968309144815091,1.9741575614361653,1.887963546619986,4.229031528117274,1.5640705219411803,44.775566239158415,66.43689805071324,0.9975926376036218,97.68313859052039,622.6333839823093,54.07405686378479
ridge_spline_hgb_resid,4 corrected,"ridge_spline + shallow HistGB (200x15 leaves) on its residual, no MI in trees",1.964802502140877,1.7309790756174483,1.7367005604629977,1.9864751029238195,1.8108273794071075,4.15508577105011,1.5008652025429203,43.12086382506333,64.18169677872153,0.9977530745076105,96.04550500542423,622.1030336883867,4.597628116607666
abl_mi_level,5 ablation,ridge_spline with mi_level,2.1299291046749094,3.929310039572526,4.394630564387412,4.380801952516535,3.484623236211616,5.738907261541333,3.2327670221897606,81.27060828590972,109.46807134349206,0.9931039635889182,133.70254120011484,633.3084724452532,1.7388317584991455
abl_mi_both,5 ablation,ridge_spline with mi_both,2.191001253295603,4.286370444891179,4.80837896708213,4.785845809056681,3.7619168884229706,6.005072140592912,3.5585189016104692,87.96491362385557,116.62011830677098,0.9921307622754668,140.30651914840874,635.4526461680572,1.7412409782409668
abl_mi_none,5 ablation,ridge_spline with mi_none,2.2233570178433237,1.8555457799985502,1.8655182265995778,2.0548498768438903,1.9814736748138173,4.325847297208188,1.682495974440658,47.41412659673565,69.94756106044451,0.997318573026055,100.29407287332894,623.077727596037,1.735745906829834
abl_plus_dow,5 ablation,ridge_spline with plus_dow,2.213978432127039,1.8593678927332935,1.897810278362801,2.0735828573781,1.990385534407711,4.330742001810009,1.6225339754611132,47.09056485196033,70.51282748149636,0.9972893582148653,100.01705984956918,623.5242365011604,1.8815538883209229
abl_mi_none_plus_dow,5 ablation,ridge_spline with mi_none_plus_dow,2.0895750098580548,1.7315221671248013,1.7721459942052358,1.9454601365987658,1.8644143903960304,4.209723522172944,1.5640082194770952,44.4238338456984,65.63570242484899,0.9976377727087208,97.33212617168643,622.1995588419919,1.8604419231414795
abl_plus_lane_ref,5 ablation,ridge_spline with plus_lane_ref,1.9864834766650143,1.7572562308440016,1.7678568431064048,1.9677139357730795,1.8371988502051402,4.18196462865284,1.5224439770924023,43.689439000612765,64.97767787761492,0.9976982394276872,96.62015000744606,622.2578197779286,1.772907018661499
abl_no_coords,5 ablation,ridge_spline with no_coords,1.9899678595498387,1.7613562191361838,1.777598630138626,2.468495602233704,1.8429742362748829,4.187665595002973,1.5252223924786097,43.8187750651968,65.13374189693934,0.9976872281043869,96.74549863255125,622.2355802648892,1.6780390739440918
abl_no_cities,5 ablation,ridge_spline with no_cities,2.268164334940249,2.086018931429876,2.099630939687361,2.0977249420235458,2.151271402019162,4.4876720639720356,1.7951522458189284,49.850188480499355,72.62914606351158,0.9971287967248372,102.67200257389338,623.0650375885449,1.513791799545288
abl_no_weight,5 ablation,ridge_spline with no_weight,2.8628312125724795,2.745803172427285,2.780137989458192,2.9196982495971584,2.796257458152652,5.137123267652559,2.483389497961396,65.88587547362376,93.1657719271339,0.9952857017883483,118.57183235857725,626.4955420173644,1.6762080192565918
abl_halflife_60d,5 ablation,"ridge_spline with recency weights, half-life 60 days",2.2108765190701494,2.4438960986736347,1.715454285607744,1.9211119934148264,2.123408967783843,4.499796167833705,1.8597596278252642,50.66739572043257,72.3442451908226,0.9971072560899755,103.47462004958196,620.7264592770937,1.7460699081420898
abl_halflife_120d,5 ablation,"ridge_spline with recency weights, half-life 120 days",1.9566194082583626,2.044710557175924,1.6925061376583357,1.9010936878216602,1.8979453676975406,4.262530891821933,1.6275083222315587,45.256009261717544,65.754666158264,0.9976385198303627,98.14895410645431,620.9355171158463,1.8186349868774414
abl_halflife_240d,5 ablation,"ridge_spline with recency weights, half-life 240 days",1.9291523879566261,1.867161048602829,1.7079476656191923,1.9066524956953823,1.8347537007262158,4.190511202102966,1.548591329896013,43.6870689934918,64.26645275765188,0.9977502410073286,96.6086084078632,621.4170919679782,1.745485782623291
tune_alpha_0.3,6 tuning,ridge_spline alpha=0.3 (default 1),1.9903399738711538,1.761364156241102,1.7776042270183972,1.9584418479275556,1.8431027857102176,4.187814642441537,1.526650655815148,43.821389548345536,65.13762932242898,0.9976869671025166,96.74807810429826,622.2361189106811,1.7242491245269775
tune_alpha_10,6 tuning,ridge_spline alpha=10 (default 1),1.9890037426770049,1.7617011486516714,1.7773721965347333,1.9559490128129786,1.8426923626211364,4.187390718257881,1.5230940898023395,43.81417008811971,65.11276911577612,0.9976883532814568,96.7423247795338,622.2580392566196,1.7551381587982178
tune_alpha_30,6 tuning,ridge_spline alpha=30 (default 1),1.9897984366165737,1.764989070748028,1.7788731533250983,1.95448564690099,1.8445535535632331,4.189184813600864,1.5244889797207162,43.84844898252798,65.14674597481284,0.9976852521200477,96.7783010035608,622.3027206583002,1.732942819595337
tune_knots_4,6 tuning,ridge_spline n_knots=4 (default 6),1.995214126662408,1.7675926664366355,1.781890052782713,1.964946511829817,1.8482322819605856,4.193274371907202,1.5284252398234461,43.892011752465635,65.16833494893204,0.997684603694152,96.8185866275167,622.2270559587282,1.8430912494659424
tune_knots_10,6 tuning,ridge_spline n_knots=10 (default 6),1.9887903136331673,1.7599871605922839,1.7771549443672006,1.9586906866221023,1.8419774728642173,4.186499778884318,1.5268341414813529,43.79471724622954,65.13137245772978,0.9976873826401543,96.72178833867368,622.2302857184491,1.7858738899230957
blend_ridge_spline_catboost,7 blend,geometric mean of ridge_spline and catboost_mi_offset,1.991022132903069,1.7533081488558149,1.7601888679905104,1.9035267130649836,1.8348397165831314,4.178148835382141,1.515249300294328,43.63234162640675,64.85759065031573,0.9977060138692035,96.5590770635206,622.3395565646305,54.93680691719055
blend_ridge_spline_hgb,7 blend,geometric mean of ridge_spline and hgb_mi_offset,1.990720213111948,1.7506954163192083,1.7564184847858335,2.1120730009984583,1.8326113714056633,4.176136650741542,1.5188113266186967,43.626317520146074,64.99465228893973,0.9976963925933932,96.5582922645137,622.3645979833246,15.496821880340576
abl_day_of_month,8 round2 (rejected),"ridge_spline + day_of_month (0 = 1st, 1 = last day), numeric",2.2679390692239476,1.7478781014604787,1.6906706236618,1.88282851513064,1.902162598115409,4.245337100055674,1.596058436568916,45.196762664001945,66.50508200706916,0.9975435110167448,98.0911714904592,622.2332971105657,1.7693960666656494
r2_lane_s0.1,8 round2 (rejected),"ridge_spline + one-hot pickup x delivery x equipment, block scaled x0.1 (penalty alpha/0.01)",1.9809287501307757,1.7481836914387199,1.7625431932417928,1.95811765759584,1.8305518782704293,4.175426528912238,1.5157606403472037,43.554257701344206,64.79962303577788,0.9977104205094477,96.48603822655882,622.2337770079913,2.312481164932251
r2_lane_s0.3,8 round2 (rejected),"ridge_spline + one-hot pickup x delivery x equipment, block scaled x0.3 (penalty alpha/0.09)",1.9644040436914565,1.7249195311400227,1.7288945445748776,1.959793925009485,1.8060727064687854,4.150784775567712,1.4945409418462559,43.100223882840986,64.34541853711501,0.9977419864229815,96.03790074434448,622.2676093340411,2.4815139770507812
r2_lane_s1,8 round2 (rejected),"ridge_spline + one-hot pickup x delivery x equipment, block scaled x1 (penalty alpha/1)",2.2242223437490907,1.9763346242805506,1.9301528406636206,1.9607818674113164,2.043569936231087,4.38204246318727,1.701618641146843,49.071492986919566,73.1897168107211,0.9970804485254438,101.9003402702768,623.1849295053458,2.6749513149261475
r2_ulane_s0.1,8 round2 (rejected),"ridge_spline + one-hot undirected lane x equipment, block scaled x0.1 (penalty alpha/0.01)",1.981845793051892,1.7503740782725343,1.7646821410012399,1.9582535360662863,1.832300670775222,4.177405253283156,1.5219523598162985,43.58790884780719,64.84136975191358,0.997707565444584,96.52170793191966,622.2910522136334,2.256089925765991
r2_ulane_s0.3,8 round2 (rejected),"ridge_spline + one-hot undirected lane x equipment, block scaled x0.3 (penalty alpha/0.09)",1.9911641050904287,1.7623018163152375,1.7661879205394855,1.961435091031679,1.8398846139817173,4.18519859987472,1.527132249481481,43.826047708307776,65.27468101948362,0.9976770972648105,96.76609006419449,622.6074162285768,2.3676021099090576
r2_ulane_s1,8 round2 (rejected),"ridge_spline + one-hot undirected lane x equipment, block scaled x1 (penalty alpha/1)",2.2331348824334123,1.9758152901461168,1.932346659429111,1.9630454522970169,2.04709894400288,4.389999437371986,1.704563384460269,48.92881279191064,72.9318903659282,0.9970997145193187,101.80113092007575,623.6886830578006,2.561121940612793
r2_cityeq_s0.1,8 round2 (rejected),"ridge_spline + one-hot pickup x equipment and delivery x equipment, scaled x0.1",1.9997718813884402,1.7711074747351296,1.7832498996492463,1.9614995982857253,1.8513764185909387,4.195400642274064,1.5336953821368908,44.084019089399554,65.52537327070551,0.997659862177202,97.01070162235749,622.3743118708238,2.0601859092712402
r2_cityeq_s0.3,8 round2 (rejected),"ridge_spline + one-hot pickup x equipment and delivery x equipment, scaled x0.3",2.014858540661376,1.7830795535883726,1.7907533919234504,1.9647294513142515,1.862897162057733,4.206526982011428,1.5548155541026796,44.37701768004035,65.97038419368512,0.997628129687319,97.30297138504466,622.4553905844151,2.1191511154174805
r2_cityeq_s1,8 round2 (rejected),"ridge_spline + one-hot pickup x equipment and delivery x equipment, scaled x1",2.019967040585952,1.7861496710875817,1.7919209541741927,1.9638646008187064,1.8660125552825757,4.209608232091799,1.5532849685007288,44.45865752545459,66.11426875469459,0.9976175101684701,97.38453293343302,622.4868350506575,1.9532580375671387
r2_mi_x_eq,8 round2 (rejected),ridge_spline + detrended MI x equipment,1.9911423828105634,1.7608669776805048,1.7764840671992184,1.956841834865922,1.842831142563429,4.187668700981614,1.5225076210983026,43.824377347675124,65.09975199868332,0.997689326882509,96.7502946444014,622.2092941728034,1.821667194366455
r2_mi_x_logd,8 round2 (rejected),ridge_spline + detrended MI x log_distance,1.988639167598561,1.759243754360619,1.7771003775791308,1.9598781024499488,1.8416610998461034,4.186589319339827,1.5300823517006021,43.80569432843856,65.15176762608,0.9976868826825914,96.73252353421594,622.2092726104692,1.7716960906982422
r2_mi_x_eq_logd,8 round2 (rejected),ridge_spline + detrended MI x equipment and log_distance,1.989650540462358,1.7587961991828307,1.776068908101875,1.958194011696423,1.841505215915688,4.186559145921973,1.5259328845942306,43.81222485791867,65.11495829166424,0.9976891899911781,96.7381286876796,622.1812997088615,1.9900548458099365
r2_coord_spline_k4,8 round2 (rejected),ridge_spline + cubic splines on the 4 coordinates (4 knots); helps city only,1.990001763893719,1.7613004930044973,1.777385910816907,1.8216165834021067,1.8428960559050411,4.187572208495506,1.5254167348823582,43.8148637620806,65.11923387811409,0.9976881770537253,96.74182204728787,622.2380429396893,1.81876802444458
r2_coord_spline_k6,8 round2 (rejected),ridge_spline + cubic splines on the 4 coordinates (6 knots); helps city only,1.9900207817643967,1.7613023757067734,1.777398035128984,1.7558326633659125,1.8429070642000511,4.187585415666501,1.5259881940221893,43.81519508016972,65.11975628920523,0.9976881398809017,96.74216360881191,622.2380630955973,1.7505691051483154
r2_coord_spline_k8,8 round2 (rejected),ridge_spline + cubic splines on the 4 coordinates (8 knots); helps city only,1.9900252162633887,1.761302478114996,1.7774006119295713,1.7563592739207379,1.8429094354359854,4.187588065060859,1.5260216834057003,43.815289521354465,65.11996938777992,0.9976881244282302,96.74225709635446,622.2380640976771,1.878115177154541
r2_anchor_4w,8 round2 (rejected),ridge_spline with intercept refit on the last 4 weeks of training rows,4.662851942839846,2.4831416731914047,2.1206583607339935,2.2562668582290697,3.0888839922550813,5.462679021942981,2.9208662432023256,72.36024808732908,98.3505748541064,0.9942094957264956,124.86146328310191,624.2117420945967,1.8020238876342773
r2_anchor_8w,8 round2 (rejected),ridge_spline with intercept refit on the last 8 weeks of training rows,3.505330021255927,3.733246768645429,1.7090734978716344,1.9108093005071867,2.98255009592433,5.370564298368024,2.8223404393136904,70.09697984801284,95.35996674432995,0.9946886921253982,122.62242337565671,622.7323610424761,1.8408939838409424
r2_combo_lane0.3_coord6,8 round2 (rejected),ridge_spline + lane one-hot x0.3 + coordinate splines (6 knots),1.964372670376537,1.7245242448946783,1.7286753306610398,1.7579851078412694,1.8058574153107516,4.15058130445,1.4965813327761037,43.09678281841672,64.34206188426661,0.9977422016300039,96.03484586679652,622.2725353712314,3.07966685295105
r2_combo_lane0.3_coord6_mix,8 round2 (rejected),r2_combo_lane0.3_coord6 + detrended MI x equipment and x log distance,1.9641404539325822,1.7222096522810788,1.7276987328572728,1.7568088338307857,1.804682946356978,4.149705323094566,1.4926064040540818,43.09136910442363,64.32181587512905,0.997744264571709,96.02861964881713,622.2205142194526,3.2976832389831543
